customer_id,row,num_reviews
4384893.0,4384893.0,4384893.0
27679534.970393803,1.6046774687546537,1.6046774687546537
15017414.159484945,2.057609931312392,2.057609931312392
10001.0,1.0,1.0
14786685.0,1.0,1.0
27419312.0,1.0,1.0
41222530.0,2.0,2.0
53096584.0,314.0,314.0
